<class_libraries>
	<library path="nav2_navigate_to_pose_navigator">
	  <class
	  	type="nav2_bt_navigator::NavigateToPoseNavigator"
	  	base_class_type="nav2_core::NavigatorBase">
	    <description>Navigate to Pose Navigator</description>
	  </class>
	</library>
  <library path="nav2_navigate_through_poses">
	  <class
	  	type="nav2_bt_navigator::NavigateThroughPosesNavigator"
	  	base_class_type="nav2_core::NavigatorBase">
	    <description>Navigate through Poses Navigator</description>
	  </class>
	</library>
</class_libraries>
