<!--
  This Behavior Tree replans the global path once every 15 seconds or if the path becomes invalid. It also has
  recovery actions specific to planning / control as well as general system issues.
  This will be continuous if a kinematically valid planner is selected.
-->
<root BTCPP_format="4" main_tree_to_execute="MainTree">
  <BehaviorTree ID="MainTree">
    <RecoveryNode number_of_retries="6" name="NavigateRecovery">
      <PipelineSequence name="NavigateWithReplanning">
        <ControllerSelector selected_controller="{selected_controller}" default_controller="FollowPath" topic_name="controller_selector"/>
        <PlannerSelector selected_planner="{selected_planner}" default_planner="GridBased" topic_name="planner_selector"/>
        <RateController hz="2.0">
          <RecoveryNode number_of_retries="1" name="ComputePathToPose">
            <Fallback>
              <ReactiveSequence>
                <Inverter>
                  <PathExpiringTimer seconds="10" path="{path}"/>
                </Inverter>
                <Inverter>
                  <GlobalUpdatedGoal/>
                </Inverter>
                <IsPathValid path="{path}"/>
              </ReactiveSequence>
              <ComputePathToPose goal="{goal}" path="{path}" planner_id="{selected_planner}" error_code_id="{compute_path_error_code}"/>
            </Fallback>
            <ClearEntireCostmap name="ClearGlobalCostmap-Context" service_name="global_costmap/clear_entirely_global_costmap"/>
          </RecoveryNode>
        </RateController>
        <RecoveryNode number_of_retries="1" name="FollowPath">
          <FollowPath path="{path}" controller_id="{selected_controller}" error_code_id="{follow_path_error_code}"/>
          <ClearEntireCostmap name="ClearLocalCostmap-Context" service_name="local_costmap/clear_entirely_local_costmap"/>
        </RecoveryNode>
      </PipelineSequence>
      <ReactiveFallback name="RecoveryFallback">
        <GoalUpdated/>
        <RoundRobin name="RecoveryActions">
          <Sequence name="ClearingActions">
            <ClearEntireCostmap name="ClearLocalCostmap-Subtree" service_name="local_costmap/clear_entirely_local_costmap"/>
            <ClearEntireCostmap name="ClearGlobalCostmap-Subtree" service_name="global_costmap/clear_entirely_global_costmap"/>
          </Sequence>
          <Spin spin_dist="1.57"/>
          <Wait wait_duration="5.0"/>
          <BackUp backup_dist="0.30" backup_speed="0.15"/>
        </RoundRobin>
      </ReactiveFallback>
    </RecoveryNode>
  </BehaviorTree>
</root>
