<!--
  This Behavior Tree replans the global path periodically at 1 Hz.
-->

<root BTCPP_format="4" main_tree_to_execute="MainTree">
  <BehaviorTree ID="MainTree">
    <PipelineSequence name="NavigateWithReplanning">
      <ControllerSelector selected_controller="{selected_controller}" default_controller="FollowPath" topic_name="controller_selector"/>
      <PlannerSelector selected_planner="{selected_planner}" default_planner="GridBased" topic_name="planner_selector"/>
      <RateController hz="1.0">
        <ComputePathToPose goal="{goal}" path="{path}" planner_id="{selected_planner}" error_code_id="{compute_path_error_code}"/>
      </RateController>
      <FollowPath path="{path}"  controller_id="{selected_controller}" error_code_id="{follow_path_error_code}"/>
    </PipelineSequence>
  </BehaviorTree>
</root>
